/*
Navicat MySQL Data Transfer

Source Server         : YY
Source Server Version : 50505
Source Host           : 127.0.0.1:3306
Source Database       : shizi

Target Server Type    : MYSQL
Target Server Version : 50505
File Encoding         : 65001

Date: 2017-07-23 17:02:02
*/

SET FOREIGN_KEY_CHECKS=0;

-- ----------------------------
-- Table structure for assess
-- ----------------------------
DROP TABLE IF EXISTS `assess`;
CREATE TABLE `assess` (
  `id` int(6) unsigned zerofill NOT NULL AUTO_INCREMENT COMMENT '唯一id',
  `tid` int(6) unsigned NOT NULL DEFAULT '0' COMMENT '老师id',
  `college_assessment` tinyint(1) unsigned NOT NULL DEFAULT '0' COMMENT '院系考核平均成绩(0不及格, 1及格, 2良好, 3优秀)',
  `student_assessment` tinyint(1) unsigned NOT NULL DEFAULT '0' COMMENT '学生考核平均成绩(0不及格, 1及格, 2良好, 3优秀)',
  `average` tinyint(1) unsigned NOT NULL DEFAULT '0' COMMENT '平均成绩',
  `timestamp` bigint(13) unsigned DEFAULT '0' COMMENT '录入时间',
  `mid` int(6) unsigned DEFAULT '0' COMMENT '录入管理员id, 即用户id',
  PRIMARY KEY (`id`)
) ENGINE=InnoDB AUTO_INCREMENT=19 DEFAULT CHARSET=utf8 COLLATE=utf8_bin;

-- ----------------------------
-- Records of assess
-- ----------------------------
INSERT INTO `assess` VALUES ('000001', '8', '3', '3', '3', '1493883997', '1');
INSERT INTO `assess` VALUES ('000003', '40', '0', '0', '0', '1493885943', '1');
INSERT INTO `assess` VALUES ('000004', '23', '0', '0', '0', '1493886070', '1');
INSERT INTO `assess` VALUES ('000005', '25', '2', '2', '2', '1493959400', '1');
INSERT INTO `assess` VALUES ('000006', '26', '2', '2', '2', '1493959963', '1');
INSERT INTO `assess` VALUES ('000007', '41', '2', '2', '2', '1493960026', '1');
INSERT INTO `assess` VALUES ('000008', '42', '2', '2', '2', '1493960033', '1');
INSERT INTO `assess` VALUES ('000009', '43', '3', '2', '2', '1493960045', '1');
INSERT INTO `assess` VALUES ('000010', '44', '3', '2', '2', '1493960057', '1');
INSERT INTO `assess` VALUES ('000011', '45', '3', '2', '2', '1493960063', '1');
INSERT INTO `assess` VALUES ('000012', '46', '2', '1', '1', '1493960080', '1');
INSERT INTO `assess` VALUES ('000013', '47', '2', '1', '1', '1493960089', '1');
INSERT INTO `assess` VALUES ('000014', '48', '2', '1', '1', '1493960093', '1');
INSERT INTO `assess` VALUES ('000015', '49', '2', '1', '1', '1493960098', '1');
INSERT INTO `assess` VALUES ('000016', '50', '2', '1', '1', '1493960103', '1');
INSERT INTO `assess` VALUES ('000017', '51', '2', '1', '1', '1493960107', '1');
INSERT INTO `assess` VALUES ('000018', '1', '3', '3', '3', '1493970094', '1');

-- ----------------------------
-- Table structure for assess_college
-- ----------------------------
DROP TABLE IF EXISTS `assess_college`;
CREATE TABLE `assess_college` (
  `id` int(6) unsigned zerofill NOT NULL AUTO_INCREMENT COMMENT '唯一id',
  `tid` int(6) unsigned NOT NULL DEFAULT '0' COMMENT '老师id',
  `science` tinyint(2) unsigned NOT NULL DEFAULT '0' COMMENT '科研考核平均分',
  `teach` tinyint(2) unsigned NOT NULL DEFAULT '0' COMMENT '教学考核平均分',
  `public` tinyint(2) unsigned NOT NULL DEFAULT '0' COMMENT '公益活动考核平均分',
  PRIMARY KEY (`id`)
) ENGINE=InnoDB AUTO_INCREMENT=19 DEFAULT CHARSET=utf8 COLLATE=utf8_bin;

-- ----------------------------
-- Records of assess_college
-- ----------------------------
INSERT INTO `assess_college` VALUES ('000001', '8', '99', '99', '99');
INSERT INTO `assess_college` VALUES ('000003', '40', '22', '22', '22');
INSERT INTO `assess_college` VALUES ('000004', '23', '22', '22', '22');
INSERT INTO `assess_college` VALUES ('000005', '25', '88', '88', '88');
INSERT INTO `assess_college` VALUES ('000006', '26', '77', '77', '77');
INSERT INTO `assess_college` VALUES ('000007', '41', '77', '77', '77');
INSERT INTO `assess_college` VALUES ('000008', '42', '77', '77', '77');
INSERT INTO `assess_college` VALUES ('000009', '43', '99', '77', '99');
INSERT INTO `assess_college` VALUES ('000010', '44', '99', '88', '99');
INSERT INTO `assess_college` VALUES ('000011', '45', '99', '88', '99');
INSERT INTO `assess_college` VALUES ('000012', '46', '66', '88', '66');
INSERT INTO `assess_college` VALUES ('000013', '47', '66', '88', '66');
INSERT INTO `assess_college` VALUES ('000014', '48', '66', '88', '66');
INSERT INTO `assess_college` VALUES ('000015', '49', '66', '88', '66');
INSERT INTO `assess_college` VALUES ('000016', '50', '66', '88', '66');
INSERT INTO `assess_college` VALUES ('000017', '51', '66', '88', '66');
INSERT INTO `assess_college` VALUES ('000018', '1', '99', '99', '99');

-- ----------------------------
-- Table structure for assess_student
-- ----------------------------
DROP TABLE IF EXISTS `assess_student`;
CREATE TABLE `assess_student` (
  `id` int(6) unsigned zerofill NOT NULL AUTO_INCREMENT COMMENT '唯一ID',
  `tid` int(6) unsigned NOT NULL DEFAULT '0' COMMENT '老师id',
  `course_quality` tinyint(2) unsigned NOT NULL DEFAULT '0' COMMENT '课程质量考核平均分',
  `course_discipline` tinyint(2) unsigned NOT NULL DEFAULT '0' COMMENT '课程纪律考核平均分',
  `appearance` tinyint(2) unsigned NOT NULL DEFAULT '0' COMMENT '教师仪表考核平均分',
  PRIMARY KEY (`id`)
) ENGINE=InnoDB AUTO_INCREMENT=19 DEFAULT CHARSET=utf8 COLLATE=utf8_bin;

-- ----------------------------
-- Records of assess_student
-- ----------------------------
INSERT INTO `assess_student` VALUES ('000001', '8', '99', '99', '99');
INSERT INTO `assess_student` VALUES ('000003', '40', '33', '33', '33');
INSERT INTO `assess_student` VALUES ('000004', '23', '11', '11', '11');
INSERT INTO `assess_student` VALUES ('000005', '25', '88', '88', '88');
INSERT INTO `assess_student` VALUES ('000006', '26', '77', '77', '77');
INSERT INTO `assess_student` VALUES ('000007', '41', '77', '77', '77');
INSERT INTO `assess_student` VALUES ('000008', '42', '77', '77', '77');
INSERT INTO `assess_student` VALUES ('000009', '43', '77', '99', '77');
INSERT INTO `assess_student` VALUES ('000010', '44', '88', '99', '77');
INSERT INTO `assess_student` VALUES ('000011', '45', '88', '99', '77');
INSERT INTO `assess_student` VALUES ('000012', '46', '66', '66', '77');
INSERT INTO `assess_student` VALUES ('000013', '47', '66', '66', '77');
INSERT INTO `assess_student` VALUES ('000014', '48', '66', '66', '77');
INSERT INTO `assess_student` VALUES ('000015', '49', '66', '66', '77');
INSERT INTO `assess_student` VALUES ('000016', '50', '66', '66', '77');
INSERT INTO `assess_student` VALUES ('000017', '51', '66', '66', '77');
INSERT INTO `assess_student` VALUES ('000018', '1', '99', '99', '99');

-- ----------------------------
-- Table structure for course
-- ----------------------------
DROP TABLE IF EXISTS `course`;
CREATE TABLE `course` (
  `id` int(6) unsigned zerofill NOT NULL AUTO_INCREMENT COMMENT '课程id',
  `name` varchar(30) COLLATE utf8_bin NOT NULL DEFAULT '' COMMENT '课程名称',
  `open_time` bigint(13) unsigned NOT NULL DEFAULT '0' COMMENT '开课时间',
  `description` text COLLATE utf8_bin COMMENT '课程描述',
  `mid` int(6) unsigned NOT NULL DEFAULT '0' COMMENT '所属专业',
  `type` tinyint(1) unsigned NOT NULL DEFAULT '0' COMMENT '课程类型(0一般课程, 1马列, 2外语, 3体育, 4实验)',
  `course_span` int(3) unsigned NOT NULL DEFAULT '0' COMMENT '课程学时',
  PRIMARY KEY (`id`)
) ENGINE=InnoDB AUTO_INCREMENT=64 DEFAULT CHARSET=utf8 COLLATE=utf8_bin;

-- ----------------------------
-- Records of course
-- ----------------------------
INSERT INTO `course` VALUES ('000002', '思想道德修养与法律基础', '1492531200', 0xE5A5A5E696AFE58DA1E79A84E9AA84E582B2E5928CE4B889E5BEB7E7A791E68A80E69A97E7BAA2E889B2E79A84E7A9BAE997B4E69292E58D8EE5B888E5A4A7, '5', '1', '10');
INSERT INTO `course` VALUES ('000003', '综合英语一级', '1492531200', 0xE689ABE68891E5B9B2E59388E6909CE78B97E794BBE4B88AE4BA86, '1', '0', '80');
INSERT INTO `course` VALUES ('000004', '基础体育', '1492531200', 0xE998BFE4B889E980A0E59E8BE998BFE58DA1E4B8BDE59CA3E8AF9EE88A82E5958A, '31', '3', '35');
INSERT INTO `course` VALUES ('000005', '计算机文化基础', '1492531200', 0xE68891E5958AE58F91E593A6E698AFE4BD9B, '54', '4', '40');
INSERT INTO `course` VALUES ('000006', 'C语言程序设计', '1492531200', 0x56E59E8BE68B86E696A7E89BA4, '52', '2', '50');
INSERT INTO `course` VALUES ('000007', '单变量微积分', '1492531200', 0xE5A5A5E696AFE58DA1E79A84E9AA84E582B2E5928CE4B889E5BEB7E7A791E68A80E69A97E7BAA2E889B2E79A84E7A9BAE997B4E69292E58D8EE5B888E5A4A7E998BFE890A8E6B395E58E86E58FB2E8AFBE, '13', '3', '20');
INSERT INTO `course` VALUES ('000008', '线性代数', '1492531200', 0xE79B98E4B89DE6B49EE59388E4BD9BE697B6E983BDE8BF94E59B9E, '12', '4', '30');
INSERT INTO `course` VALUES ('000009', '中国近现代史纲要', '1492531200', 0xE68891E998BFE696AFE89282E88AACE58EBBE88083E8AF95E7A7AFE58886E58591E68DA2, '31', '4', '40');
INSERT INTO `course` VALUES ('000010', '综合英语二级', '1492531200', 0x56E59E8BE7AA97E58FA3766A6861666968313131, '41', '2', '40');
INSERT INTO `course` VALUES ('000011', '基础体育选项', '1492531200', 0xE5B8AEE4BDA0E5AEA3E4BCA0, '31', '1', '40');
INSERT INTO `course` VALUES ('000012', '力学与热学', '1492531200', 0xE4B8B0E79B9BE79A84E696B9E5BC8F, '32', '0', '30');
INSERT INTO `course` VALUES ('000013', '大学物理基础实验', '1492531200', 0xE884BEE6B094E593A6E697A0E6B094E591B3E5958AE4BDA0E6898BE6AEB5, '14', '0', '20');
INSERT INTO `course` VALUES ('000014', '多变量微积分', '1492531200', 0xE5A5BDE6849FE5BAA6E7A9BAE997B4E788B1E4B88AE4BD9BE788B1E593A6E5B9B4E5BAA6E69292, '41', '0', '50');
INSERT INTO `course` VALUES ('000015', '电路基本理论', '1492531200', 0xE59586E59381E8B186E88590E4B89DE68891E998BFE9809FE8BEBEE8B4B9E581B6E7B4A0E689ABE4BBA5E6B395E6909CE68891E788B1E79A84E6909C6973E998BF55E79BBE, '31', '0', '60');
INSERT INTO `course` VALUES ('000016', '代数结构', '1492531200', 0xE7A0B4E68891E688915549E581B6E695B0E79A84E7A68FE588A9E7A791E68A80, '32', '0', '60');
INSERT INTO `course` VALUES ('000017', '军事理论', '1492531200', 0xE4B893E5BF83E693A6E7BE8EE5A5B3E4B8BBE692AD766B616A646861, '16', '0', '60');
INSERT INTO `course` VALUES ('000018', '马克思主义基本原理', '1492531200', 0xE586B7E985B7E5B0B1E698AFE79A84E696B9E5BC8FE6A188E4BE8BE79C8BE794B5E8A786E589A7E998BFE8BEBEE998BFE68B89E5B1B1E58FA3E79A84E695ACE788B1E79A84E68B89E68EA5E694B6E588B0, '42', '0', '60');
INSERT INTO `course` VALUES ('000019', '重要思想概论', '1492531200', 0xE5898DE4B8A4E4BD8DE7A791E68A80E58D83E793A6E697B6E79A84E69DA5E79C8BE5B0B1E998BFE68B89E5B1B1E58FA3E588B0E99D99E5AE89E5AFBAE68B89E5BBBAE8AEBEE5A4A7E98193, '42', '0', '60');
INSERT INTO `course` VALUES ('000020', '综合英语三级', '1492531200', 0xE593A64951E697A0E8808CE4B894E58EBBE593A6E58699E5AE8CE585A8E69687, '21', '0', '70');
INSERT INTO `course` VALUES ('000021', '电磁学', '1492531200', 0xE6ACBAE9AA97E68891E9A5BFE58EBBE593A6E58699E5AE8CE688917561646F73696175643131, '32', '0', '20');
INSERT INTO `course` VALUES ('000022', '复变函数', '1492531200', 0xE5958AE5AE9EE68993E5AE9EE5A49AE998BFE696AFE588A9E5BAB7E5A4A7E5AEB6, '42', '0', '24');
INSERT INTO `course` VALUES ('000023', '数据结构', '1492531200', 0xE788B1E698AFE5A5B3E9838EE4B88AE593AAE9878CE58FAFE8A786E5AFB9E8AEB2E59F83E9878CE5858BE59CA3E8AF9EE88A82E998BFE890A8E5BEB7E59F83E9878CE5858BE59CA3E8AF9EE88A82E998BFE890A8E5BEB7E58DA2E58DA1E696AFE4BBB6E5A4A7E4BA8B, '42', '0', '24');
INSERT INTO `course` VALUES ('000024', '图论', '1492531200', 0xE998BFE58DA1E4B8BDE59CA3E8AF9EE88A82E5958AE5A884E5BA95E5B882E7A791E68A80E998BFE696AFE588A9E5BAB7E5A4A7E5AEB6E998BFE890A8E5BEB7E998BFE88E8EE5A4A7E5A4A7E68980, '31', '4', '24');
INSERT INTO `course` VALUES ('000025', '计算机导论', '1492531200', 0xE889BEE6ACA7E694B6E588B0E4BDA0E6AF92E7B4A0E788B1E593A6E4BA8BE69585E5A5A5E696AFE7A68FE5958AE5B1B1E4B89CE68891E6B0A8E59FBAE985B8E983BD, '52', '4', '55');
INSERT INTO `course` VALUES ('000026', '信息管理学', '1492531200', 0xE69C80E4B88BE99DA2E5A5B3E4B88DE5BC80E69CBAE68C89E697B6E68993E58DA1E69CBAE59388E5B888E5A4A7, '61', '4', '55');
INSERT INTO `course` VALUES ('000027', '管理学', '1492531200', 0xE5A5A5E69292E5A4A7E5A3B0E59CB0E7A9BAE997B4E69DA5E59F83E9878CE5858BE6A3AEE79A84E9AA84E582B2E79A84E88081E5AEA2E688B7E998BFE696AFE588A9E5BAB7E888AAE58E86E58FB2E8AFBE, '61', '4', '52');
INSERT INTO `course` VALUES ('000028', '企业战略管理', '1492531200', 0xE7BEA4E6AEB4E68891E697A0E5A5A5E696AFE58DA1E7AD89E59388E8AFB4E882AFE5BEB7E59FBAE998BFE890A8E5BEB7, '61', '4', '53');
INSERT INTO `course` VALUES ('000029', '电子商务', '1492531200', 0xE68891E593A6E5958A555344E593A6E68891E697AEE697AFE5BC80E5A78BE5B0B1, '42', '3', '55');
INSERT INTO `course` VALUES ('000030', '离散数学', '1492531200', 0xE4B89CE8A5BFE5B7AEE4B88DE593A6E68891E68896E58F91E593A6E58F91E783A76973E5A5BDE5969CE6ACA2, '52', '3', '32');
INSERT INTO `course` VALUES ('000031', '概率论与数理统计', '1492531200', 0xE4B8A4E58FA3E5AD90E5B0B1E58588E58F82E88083E59388E5B882E4B8A2E58EBBE69BB4E5A5BDE694B6E588B0E8B4A7, '16', '3', '42');
INSERT INTO `course` VALUES ('000032', '统计学', '1492531200', 0xE689ABE4B8A2E5BC83E882AFE591A2E4B8AAE68B89E5858BE890A8E696AFE4B8A2, '41', '1', '52');
INSERT INTO `course` VALUES ('000033', '数理逻辑', '1492531200', 0xE5BCA0E697ADE6988EE68A8AE7A9BAE997B4E5BE88E5A4A7E4BA86E58886E7BAA2, '32', '0', '12');
INSERT INTO `course` VALUES ('000034', '光学与电子物理', '1492531200', 0xE786ACE8BF87E79A84E8AFB4E6B395E698AFE5878FE882A5E5BE88E5BFABE5B0B1E5A5BDE5A5A5E696AFE58DA1E7BAA7E7AD89E59388E79C8BE794B5E8A786E589A7E5928C, '31', '0', '42');
INSERT INTO `course` VALUES ('000035', '模拟与数字电路', '1492531200', 0xE7BEA4E6AEB44944E5958AE6909CE78B90E5B9BFE4B89CE79C81E5858BE99A86E4BC9AE585B6E4BD99E4BABA, '31', '0', '22');
INSERT INTO `course` VALUES ('000036', '运筹学基础', '1492531200', 0xE696BDE89282E588A9E5858BE9AB98E9809FE8B7AFE58FA3E5A4A7E593A5E4BA86E88083E8AF95E5A4A7E7BAB2E88081E5AEA2E688B7, '52', '0', '22');
INSERT INTO `course` VALUES ('000037', '数字信号处理', '1492531200', 0xE5B08FE697B6E68993E5BFABE782B9E5958AE4BC9AE8AEA1E5B888E4BC9AE8AEA1E5B888E6B395E59388E88081E5AEA2E688B7E59F83E9878CE5858BE6A3AEE5A4A7E4B8A4E5B281E5A4A7E68BACE58FB7, '52', '0', '10');
INSERT INTO `course` VALUES ('000038', '电子系统设计', '1492531200', 0x697355E79BBEE696B9E5BC8FE7A6BBE5BC80E79A84E7A68FE588A9E4B88AE79C8BE9A38EE699AF, '51', '0', '31');
INSERT INTO `course` VALUES ('000039', '计算机网络', '1492531200', 0xE5958AE5B1B1E4B89CE4BBA5E5A5A5E696AFE58DA1E5B9BFE4B89CE79C81E69D8EE5BC80E5A48DE69D8EE5858BE5BCBAE8AFB6E58EBB, '51', '4', '42');
INSERT INTO `course` VALUES ('000040', '信息论基础', '1492531200', 0xE69C80E4B88BE99DA2E8B4A2E694BFE983A8E4BC9AE8AEA1E5AE89E5A5BDE4BA86E5AEA2E69C8DE59388E9878CE696AFE5BC80E4BC9AE884B1E7A6BBE88BA6E6B5B7E88081E5AEA2E688B7, '51', '3', '51');
INSERT INTO `course` VALUES ('000041', 'CPU设计与测试', '1492531200', 0xE5958AE6909C4944E8BF98E698AFE79C8BE7BBBFE882A5E7BAA2E798A6E88081E5A0AA, '52', '2', '32');
INSERT INTO `course` VALUES ('000042', '人工智能基础', '1492531200', 0xE5A5A5E696AFE58DA1E79A84E9AA84E582B2E5928CE4B889E5BEB7E7A791E68A80E69A97E7BAA2E889B2E79A84E7A9BAE997B4E69292E58D8EE5B888E5A4A7, '53', '2', '51');
INSERT INTO `course` VALUES ('000043', '微机原理与系统', '1492531200', 0xE5A5A5E696AFE58DA1E79A84E9AA84E582B2E5928CE4B889E5BEB7E7A791E68A80E69A97E7BAA2E889B2E79A84E7A9BAE997B4E69292E58D8EE5B888E5A4A7, '54', '2', '63');
INSERT INTO `course` VALUES ('000044', '软件工程', '1492531200', 0xE5A5A5E696AFE58DA1E79A84E9AA84E582B2E5928CE4B889E5BEB7E7A791E68A80E69A97E7BAA2E889B2E79A84E7A9BAE997B4E69292E58D8EE5B888E5A4A7, '55', '2', '66');
INSERT INTO `course` VALUES ('000045', '编译原理与技术', '1492531200', 0xE998BFE8B4BEE5858BE696AFE79A84E59388E4BC9AE8AEA1E794B5E7AE97E58C96E58DA1E8A786E8A792E5AFB9E59388E5BFABE9809FE7BB93E59088E698AFE58FAFE695ACE79A84E59BBDE4BC9AE5A4A7E58EA6E5BC80E5A596E58FB7, '57', '2', '66');
INSERT INTO `course` VALUES ('000046', '计算机组成原理', '1492531200', 0xE698AFE586B7E985B7E79A84E58886E7B1BBE8BAABE9AB98E5A49AE5B091E5BC80E5A596E58FB7E788B1E7A9BAE997B4E5A4A7E69292E5A5BDE5A49AE4BA8BE5BC80E5A596E58FB7E5A5A5E696AFE58DA1E7BAA7E5A4A7E58FB7E698AFE79C8BE5BE97E8A781, '56', '2', '66');
INSERT INTO `course` VALUES ('000047', '网络数据通讯', '1492531200', 0xE998BFE8B4BEE5858BE696AFE79A84E59388E5858BE7BB93E69D9FE58AA8E794BBE998BFE5858BE88B8FE8A781E59388E7A9BAE997B4E8A784E58892E5B888E5BC80E5A596E58FB7E58DA1E8A786E8A792E7AD89E59388E79C8BE794B5E8A786E589A7, '5', '1', '66');
INSERT INTO `course` VALUES ('000048', '信息论基础', '1492531200', 0xE588B7E58DA1E69CBAE8AF9DE8B4B9E58DA1E697B6E997B4E58AA8E794BBE58DA1E68EA5E694B6E588B0E59388E7A9BAE997B4E694B6E588B0E8B4A7E5A5A5E696AFE58DA1E7BAA7E7AD89E59388E8AFB4E68AA0E8849AE5A4A7E6B189, '5', '1', '77');
INSERT INTO `course` VALUES ('000049', '数字图像处理', '1492531200', 0xE998BFE59680E79089E696AFE5A4A7E9878FE5AEA2E688B7E599B6E88081E5AEA2E688B7E68B89E9BB91E6A191E5BEB7E68B89E5BC80E5A78BE58AA8E794BB, '52', '3', '66');
INSERT INTO `course` VALUES ('000050', '计算机与网络安全', '1492531200', 0xE7BEA4E6AEB4E68891E697A0E9A5BFE593A64951E68891E4B99FE68C89E697B6E7BCB4E8B4B9E59388E5BC80E5A596E58FB7, '51', '3', '77');
INSERT INTO `course` VALUES ('000051', '多媒体技术', '1492531200', 0xE5A5A5E696AFE58DA1E79A84E9AA84E582B2E5928CE4B889E5BEB7E7A791E68A80E69A97E7BAA2E889B2E79A84E7A9BAE997B4E69292E58D8EE5B888E5A4A7, '5', '3', '88');
INSERT INTO `course` VALUES ('000052', '并行程序设计', '1492531200', 0xE5958AE58FAFE68EA5E58F97E79A84E59388E58FAFE68EA5E58F97E79A84E68B89E4B89DE69CBAE6B395E68B89E5858BE694B9E5A5BDE4BA86E58DA1E4B88AE69DA5E5BE97E5BFABE59388E8BFAAE696AFE88081E5AEA2E688B7E59F83E9878CE5858BE6A3AEE7AD89E59388E8AFB4E4BA86E882AFE5AE9AE4BC9A, '51', '1', '66');
INSERT INTO `course` VALUES ('000053', '计算机体系结构', '1492531200', 0xE7A0B4E8B6A3E591B3E599A2E58EBBE581B76973E7A6BBE5BC80E5A4A7E4BC9AE79A84E88081E5AEA2E688B7E68C89E5AE9EE99985E79A84E58DA1E58FB7E4B889E5BEB7E7A791E68A80E5928C, '53', '4', '55');
INSERT INTO `course` VALUES ('000054', '计算机控制基础', '1492531200', 0xE998BFE890A8E5BEB7E68B89E5858BE59388E59388E69BB4E6B7B1E588BBE5B0B1E698AFE5A4A7E7A59EE79C8BE9A38EE699AFE5928CE5A5A5E696AFE58DA1E7BAA7E7AD89E59388E8AFB4E882AFE5BEB7E59FBA, '54', '4', '55');
INSERT INTO `course` VALUES ('000055', '林业信息系统', '1492531200', 0xE68891E68891E58EBBE997AEE58DA1E69CBAE695B0E68EA7E68A80E69CAFE4BD86E8BF98E69CAAE4BBA5E8808CE4B880E983A8, '5', '4', '10');
INSERT INTO `course` VALUES ('000056', '俄语', '1492531200', 0xE5A5A5E696AFE58DA1E79A84E9AA84E582B2E5928CE4B889E5BEB7E7A791E68A80E69A97E7BAA2E889B2E79A84E7A9BAE997B4E69292E58D8EE5B888E5A4A7, '55', '0', '43');
INSERT INTO `course` VALUES ('000057', '法语', '1492531200', 0xE5A5A5E696AFE58DA1E79A84E9AA84E582B2E5928CE4B889E5BEB7E7A791E68A80E69A97E7BAA2E889B2E79A84E7A9BAE997B4E69292E58D8EE5B888E5A4A7, '3', '0', '55');
INSERT INTO `course` VALUES ('000058', '英语口语', '1492531200', 0xE5A5A5E696AFE58DA1E79A84E9AA84E582B2E5928CE4B889E5BEB7E7A791E68A80E69A97E7BAA2E889B2E79A84E7A9BAE997B4E69292E58D8EE5B888E5A4A7, '1', '0', '53');
INSERT INTO `course` VALUES ('000059', '英语翻译', '1492531200', 0xE59586E9878FE79A84E5BC80E58F91E68A80E69CAFE7A6BBE5BC80E79A84E5B0B1E7A6BBE5BC80E6898BE69CBAE68DA2E4BA86E4B889E5BEB7E7A791E68A80E59F83E9878CE5858BE6A3AEE5A49AE4B985E5958AE8BEBDE99894E79A84E890A8E4BA8BE4BBB6E6B581, '53', '0', '52');
INSERT INTO `course` VALUES ('000060', 'JAVA开发', '1492531200', 0xE6808EE4B988E58A9EE4BDA0E59CA8766B6A617368666B6A616867716F776965796F693131, '32', '1', '66');
INSERT INTO `course` VALUES ('000061', '前端开发', '1492531200', 0xE5A4A7E58FA3E5BE84E79A84E58D8EE5B7A5E7A791E68A80E694B6E588B0E8B4A7E8A685E581B6E8AFB7E58BBFE9A5BFE593A649517565776F69616F6973647573616F697531, '12', '1', '66');
INSERT INTO `course` VALUES ('000062', 'PHP开发', '1492531200', 0xE5958AE695B0E68DAEE9878FE882AFE5AE9AE9AA84E582B2E4BA86E88083E8AF95E7BB93E69E9CE68C89E79086E8AFB4E882AFE5BEB7E59FBAE788B1E4B8BDE4B89DE79A84E7A9BAE997B4E59F83E9878CE5858BE59586E5BA97E58DB3E998BFE696AFE588A9E5BAB7E5A4A7E5AEB6, '12', '1', '53');
INSERT INTO `course` VALUES ('000063', '会计学', '1492531200', 0xE4BD9B4944E58583E7B4A0E7A9BAE997B4E68C89E697B6E58F91E8B4A7E7BB99E983BDE698AFE79C8BE7BB93E69E9CE5908EE69C9FE5A794E5B188E9A29D, '12', '1', '10');

-- ----------------------------
-- Table structure for course-teacher
-- ----------------------------
DROP TABLE IF EXISTS `course-teacher`;
CREATE TABLE `course-teacher` (
  `id` int(6) unsigned zerofill NOT NULL AUTO_INCREMENT COMMENT '唯一id',
  `tid` int(6) unsigned NOT NULL COMMENT '老师id',
  `cid` int(6) unsigned NOT NULL COMMENT '课程id',
  `start` int(3) unsigned DEFAULT '0' COMMENT '开始时间(周, 最小为1)',
  `end` int(3) unsigned DEFAULT '0' COMMENT '结束时间(周)',
  `class` varchar(55) DEFAULT '' COMMENT '班级名',
  `time` tinyint(1) unsigned DEFAULT '0' COMMENT '上课时间(1一二节, 2三四节, 3五六节, 4七八节, 5九十节)',
  `week` tinyint(1) unsigned DEFAULT '0' COMMENT '周几上课(1-7)',
  `room` int(5) unsigned DEFAULT '0' COMMENT '教室编号',
  `uid` int(6) unsigned DEFAULT '0' COMMENT '申请调课的用户id',
  `is_demand` tinyint(1) unsigned DEFAULT '0' COMMENT '是否申请了调课(0否1是)',
  `demand_time` bigint(13) unsigned DEFAULT '0' COMMENT '申请时间',
  `new_time` tinyint(1) unsigned DEFAULT '0' COMMENT '申请上课时间',
  `new_week` tinyint(1) unsigned DEFAULT '0' COMMENT '申请上课日期',
  `new_room` int(5) unsigned DEFAULT '0' COMMENT '申请教室编号',
  PRIMARY KEY (`id`)
) ENGINE=InnoDB AUTO_INCREMENT=77 DEFAULT CHARSET=utf8;

-- ----------------------------
-- Records of course-teacher
-- ----------------------------
INSERT INTO `course-teacher` VALUES ('000016', '23', '12', '7', '8', '阿斯达多', '2', '1', '14', '0', '0', '0', '0', '0', '0');
INSERT INTO `course-teacher` VALUES ('000017', '23', '12', '7', '8', '阿斯达多', '3', '6', '2', '0', '0', '0', '0', '0', '0');
INSERT INTO `course-teacher` VALUES ('000018', '1', '23', '1', '8', '阿斯达多asdasd', '5', '6', '33', '0', '0', '0', '0', '0', '0');
INSERT INTO `course-teacher` VALUES ('000053', '23', '9', '1', '7', '打算打', '1', '3', '122', '0', '0', '0', '0', '0', '0');
INSERT INTO `course-teacher` VALUES ('000055', '1', '3', '1', '15', '信管二班', '1', '1', '122', '1', '1', '1492857816', '4', '4', '55');
INSERT INTO `course-teacher` VALUES ('000056', '1', '3', '1', '15', '信管二班', '5', '4', '202', '1', '1', '1492856816', '3', '1', '444');
INSERT INTO `course-teacher` VALUES ('000059', '1', '11', '5', '15', '信管二班', '1', '5', '11', '0', '0', '0', '0', '0', '0');
INSERT INTO `course-teacher` VALUES ('000060', '1', '11', '5', '15', '信管二班', '3', '2', '25', '0', '0', '0', '0', '0', '0');
INSERT INTO `course-teacher` VALUES ('000061', '1', '50', '11', '18', '信管二班', '4', '5', '661', null, '0', '0', '0', '0', '0');
INSERT INTO `course-teacher` VALUES ('000062', '1', '21', '1', '16', '计算机一班', '4', '3', '22', '0', '0', '0', '0', '0', '0');
INSERT INTO `course-teacher` VALUES ('000063', '1', '21', '1', '16', '计算机一班', '3', '6', '133', '0', '0', '0', '0', '0', '0');
INSERT INTO `course-teacher` VALUES ('000064', '8', '9', '4', '7', '111', '2', '5', '3', '0', '0', '0', '0', '0', '0');
INSERT INTO `course-teacher` VALUES ('000065', '8', '8', '4', '7', '111', '2', '5', '3', '0', '0', '0', '0', '0', '0');
INSERT INTO `course-teacher` VALUES ('000067', '8', '6', '4', '7', '111', '2', '5', '3', '1', '1', '1492851826', '2', '7', '432');
INSERT INTO `course-teacher` VALUES ('000068', '8', '5', '4', '7', '111', '2', '5', '3', '0', '0', '0', '0', '0', '0');
INSERT INTO `course-teacher` VALUES ('000071', '8', '2', '4', '7', '111', '2', '5', '3', '0', '0', '0', '0', '0', '0');
INSERT INTO `course-teacher` VALUES ('000072', '8', '55', '14', '21', '信息管理2班', '2', '3', '200', '0', '0', '0', '0', '0', '0');
INSERT INTO `course-teacher` VALUES ('000073', '8', '55', '14', '21', '信息管理2班', '5', '6', '300', '0', '0', '0', '0', '0', '0');
INSERT INTO `course-teacher` VALUES ('000074', '23', '55', '13', '21', '信息管理2班', '3', '3', '601', '21', '0', '0', '0', '0', '0');
INSERT INTO `course-teacher` VALUES ('000075', '23', '55', '13', '21', '信息管理1班', '2', '5', '622', '21', '0', '0', '0', '0', '0');
INSERT INTO `course-teacher` VALUES ('000076', '23', '55', '13', '21', '软件工程1班', '1', '2', '322', '21', '0', '0', '0', '0', '0');

-- ----------------------------
-- Table structure for major
-- ----------------------------
DROP TABLE IF EXISTS `major`;
CREATE TABLE `major` (
  `id` int(6) unsigned zerofill NOT NULL AUTO_INCREMENT COMMENT '专业id',
  `name` varchar(100) NOT NULL COMMENT '专业名称',
  PRIMARY KEY (`id`)
) ENGINE=InnoDB AUTO_INCREMENT=66 DEFAULT CHARSET=utf8;

-- ----------------------------
-- Records of major
-- ----------------------------
INSERT INTO `major` VALUES ('000001', '哲学');
INSERT INTO `major` VALUES ('000002', '经济学');
INSERT INTO `major` VALUES ('000003', '历史学');
INSERT INTO `major` VALUES ('000004', '法学');
INSERT INTO `major` VALUES ('000005', '马克思主义理论');
INSERT INTO `major` VALUES ('000006', '社会学');
INSERT INTO `major` VALUES ('000007', '政治学');
INSERT INTO `major` VALUES ('000008', '公安学');
INSERT INTO `major` VALUES ('000009', '教育学');
INSERT INTO `major` VALUES ('000010', '物理学');
INSERT INTO `major` VALUES ('000011', '化学');
INSERT INTO `major` VALUES ('000012', '生物科学');
INSERT INTO `major` VALUES ('000013', '天文学');
INSERT INTO `major` VALUES ('000014', '地理学');
INSERT INTO `major` VALUES ('000015', '大气科学');
INSERT INTO `major` VALUES ('000016', '力学');
INSERT INTO `major` VALUES ('000017', '农业工程');
INSERT INTO `major` VALUES ('000018', '环境科学');
INSERT INTO `major` VALUES ('000019', '心理学');
INSERT INTO `major` VALUES ('000020', '统计学');
INSERT INTO `major` VALUES ('000021', '系统科学');
INSERT INTO `major` VALUES ('000022', '机械');
INSERT INTO `major` VALUES ('000023', '仪器仪表');
INSERT INTO `major` VALUES ('000024', '能源动力');
INSERT INTO `major` VALUES ('000025', '武器');
INSERT INTO `major` VALUES ('000026', '材料科学');
INSERT INTO `major` VALUES ('000027', '林业工程');
INSERT INTO `major` VALUES ('000028', '电子信息科学');
INSERT INTO `major` VALUES ('000029', '植物生产');
INSERT INTO `major` VALUES ('000030', '草业科学');
INSERT INTO `major` VALUES ('000031', '森林资源');
INSERT INTO `major` VALUES ('000032', '环境生态');
INSERT INTO `major` VALUES ('000033', '动物医学');
INSERT INTO `major` VALUES ('000034', '基础医学');
INSERT INTO `major` VALUES ('000035', '水产');
INSERT INTO `major` VALUES ('000036', '医学');
INSERT INTO `major` VALUES ('000037', '临床医学');
INSERT INTO `major` VALUES ('000038', '护理学');
INSERT INTO `major` VALUES ('000039', '工商管理');
INSERT INTO `major` VALUES ('000040', '管理科学与工程');
INSERT INTO `major` VALUES ('000041', '公共管理');
INSERT INTO `major` VALUES ('000042', '农业经济管理');
INSERT INTO `major` VALUES ('000043', '信息管理与信息系统');
INSERT INTO `major` VALUES ('000044', '计算机科学与技术');
INSERT INTO `major` VALUES ('000045', '软件工程');
INSERT INTO `major` VALUES ('000046', '测绘学');
INSERT INTO `major` VALUES ('000047', '环境与安全');
INSERT INTO `major` VALUES ('000048', '能源动力');
INSERT INTO `major` VALUES ('000049', '海洋工程');
INSERT INTO `major` VALUES ('000050', '航空航天');
INSERT INTO `major` VALUES ('000051', '轻工纺织');
INSERT INTO `major` VALUES ('000052', '化工与制药');
INSERT INTO `major` VALUES ('000053', '口腔医学');
INSERT INTO `major` VALUES ('000054', '药学');
INSERT INTO `major` VALUES ('000055', '中医学');
INSERT INTO `major` VALUES ('000056', '法医学');
INSERT INTO `major` VALUES ('000057', '护理学');
INSERT INTO `major` VALUES ('000058', '口腔医学');
INSERT INTO `major` VALUES ('000059', '森林资源');
INSERT INTO `major` VALUES ('000060', '社会工作');
INSERT INTO `major` VALUES ('000061', '外交学');
INSERT INTO `major` VALUES ('000062', '国际政治');
INSERT INTO `major` VALUES ('000063', '侦查学');
INSERT INTO `major` VALUES ('000064', '教育学');
INSERT INTO `major` VALUES ('000065', '边防管理');

-- ----------------------------
-- Table structure for message
-- ----------------------------
DROP TABLE IF EXISTS `message`;
CREATE TABLE `message` (
  `id` int(6) unsigned zerofill NOT NULL AUTO_INCREMENT COMMENT '唯一id',
  `uid` int(6) unsigned NOT NULL DEFAULT '0' COMMENT '用户id',
  `content` text COLLATE utf8_bin COMMENT '留言内容',
  `quota_id` int(6) unsigned DEFAULT '0' COMMENT '引用留言的id, 默认为0时未引用',
  `refer_id` int(6) unsigned DEFAULT '0' COMMENT '回复那条留言的id, 默认为0时不是回复',
  `timestamp` bigint(13) unsigned NOT NULL DEFAULT '0' COMMENT '留言时间',
  `quota_content` text COLLATE utf8_bin COMMENT '引用的内容',
  `quota_name` varchar(20) COLLATE utf8_bin DEFAULT '' COMMENT '引用用户的姓名, 同user的name字段',
  `refer_name` varchar(20) COLLATE utf8_bin DEFAULT '' COMMENT '回复的用户姓名, 同user的name字段',
  PRIMARY KEY (`id`)
) ENGINE=InnoDB AUTO_INCREMENT=39 DEFAULT CHARSET=utf8 COLLATE=utf8_bin;

-- ----------------------------
-- Records of message
-- ----------------------------
INSERT INTO `message` VALUES ('000002', '1', 0xE998BFE696AFE588A9E5BAB7E5A4A7E5AEB6E68C89E98193E79086E68EA7E4BBB6E998BFE696AFE588A9E5BAB7E5A4A7E5AEB6E68C89E98193E79086E68EA7E4BBB6E998BFE890A8E6B395E7A0B4E69882E8BEBEE8AFB4, '0', '0', '1494142299', '', '', '');
INSERT INTO `message` VALUES ('000003', '19', 0xE59F83E9878CE5858BE59586E5BA97E58DB3E998BFE696AFE588A9E5BAB7E5A4A7E5AEB6E998BFE58DA1E4B8BDE59CA3E8AF9EE88A82E5958AE698AFE79C8BE68782E4BA86E5B0B1E998BFE5858BE88B8FE5A4A72E, '0', '0', '1494224742', null, '', '');
INSERT INTO `message` VALUES ('000007', '1', 0x617364617364610A617366616461640A6173646164617364, '2', '0', '1494218344', 0xE998BFE696AFE588A9E5BAB7E5A4A7E5AEB6E68C89E98193E79086E68EA7E4BBB6E998BFE696AFE588A9E5BAB7E5A4A7E5AEB6E68C89E98193E79086E68EA7E4BBB6E998BFE890A8E6B395E7A0B4E69882E8BEBEE8AFB4, '袁野', '');
INSERT INTO `message` VALUES ('000011', '1', 0xE6ADAAE6ADAAE6ADAAE6ADAAE6ADAAE697A00A312EE6ADAAE6ADAAE6ADAA0A322EE698AFE698AFE698AF0A332EE68993E7AE97E68993, '0', '0', '1494224724', '', '', '');
INSERT INTO `message` VALUES ('000012', '1', 0xE5958AE5AE9EE68993E5AE9EE5A4A7E68980E5A49AE998BFE696AFE8BEBEE5A49A, '0', '3', '1494224762', '', '', '新用户测试');
INSERT INTO `message` VALUES ('000013', '20', 0xE68891E698AFE8A281E9878EE88081E5B88831E79599E8A880313131313131313131313131313131310A313131313131313131313120202031313131313131, '0', '0', '1494225429', '', '', '');
INSERT INTO `message` VALUES ('000014', '20', 0xE68891E698AFE8A281E9878EE88081E5B888312C20E68891E58F88E79599E8A880E595A6E591B5E591B5E591B5E591B5E591B5E591B5E591B5E591B5E591B5E591B5E591B5E68896E68896E68896E68896E68896E68896E68896E68896E68896E68896E68896E68896E68896E68896E68896E68896E68896E68896E68896E68896E68896E68896E68896E68896E59388E59388E59388E59388E59388E59388E68896E688960AE591B5E591B5E591B5E591B5E591B5E591B5E591B5E591B5E591B5E591B5E591B52020202020202020E59388E59388E59388E59388E59388E59388E68896, '0', '0', '1494225468', '', '', '');
INSERT INTO `message` VALUES ('000015', '20', 0xE68891E698AFE8A281E9878EE88081E5B888312C20E68891E59B9EE5A48DE595A6E69DA5E4BA86E69DA5E4BA86E7BBBFE7BBBFE7BBBFE7BBBFE7BBBFE7BBBFE7BBBFE7BBBFE7BBBFE7BBBFE7BBBFE7BBBFE7BBBF, '0', '3', '1494225495', '', '', '袁野');
INSERT INTO `message` VALUES ('000016', '20', 0xE68891E698AFE8A281E9878EE88081E5B888312C20E5BC95E794A8E4B880E4B88BE4B88B, '8', '0', '1494225510', 0x616161, '袁野', '');
INSERT INTO `message` VALUES ('000018', '21', 0xE68891E698AFE8A281E9878EE88081E5B888322C20E59B9EE5A48DE4B880E4B88BE4B88B, '0', '16', '1494225707', '', '', '袁野老师1');
INSERT INTO `message` VALUES ('000019', '21', 0xE68891E698AFE8A281E9878EE68B89E5B18E322C20E5868DE59B9EE5A48DE4B880E4B88BE4B88B, '0', '14', '1494225722', '', '', '袁野老师1');
INSERT INTO `message` VALUES ('000020', '21', 0xE8A281E9878EE88081E5B88832E58F91E8A880E595A6207E7E7E, '0', '0', '1494225734', '', '', '');
INSERT INTO `message` VALUES ('000021', '21', 0xE8A281E9878EE88081E5B88832E5BC95E794A8E595A6207E7E7E, '11', '0', '1494225752', 0xE6ADAAE6ADAAE6ADAAE6ADAAE6ADAAE697A00A312EE6ADAAE6ADAAE6ADAA0A322EE698AFE698AFE698AF0A332EE68993E7AE97E68993, '袁野', '');
INSERT INTO `message` VALUES ('000022', '21', 0xE59B9EE5A48DE59B9EE5A48DE59B9EE5A48D, '0', '3', '1494225817', '', '', '袁野老师1');
INSERT INTO `message` VALUES ('000023', '21', 0xE788B1E698AFE5BFABE4B990E5A4A72C20E68C89E79086E8AFB4E79C8BE588B0E4BA860AE68B9BE696B0E4BA86E68F92E4B88AE69DA5E79C8B2CE5A4A7E8B7AFE58FA3E79A84E590ABE9878F0A612C7364736173686C686B31616B736C6A64616C31E998BFE68B89E5B1B1E58FA3E5A4A7, '0', '2', '1494226391', '', '', '袁野');
INSERT INTO `message` VALUES ('000025', '21', 0xE998BFE88E8EE5A4A7E5A4A7E68980, '0', '3', '1494226903', '', '', '袁野');
INSERT INTO `message` VALUES ('000026', '1', 0xE68891E698AFE88081E5A4A72C20E68891E69C80E7899BE980BC, '0', '21', '1494230913', '', '', '袁野老师2');
INSERT INTO `message` VALUES ('000027', '1', 0xE4BDA0E698AFE4B8AAE587A0E68A8A, '26', '0', '1494230925', 0xE68891E698AFE88081E5A4A72C20E68891E69C80E7899BE980BC, '袁野', '');
INSERT INTO `message` VALUES ('000028', '1', 0xE68891E698AFE88081E5A4A72C20E68891E698AFE69C80E7899BE980BCE79A84, '0', '20', '1494230950', '', '', '袁野老师2');
INSERT INTO `message` VALUES ('000029', '1', 0xE4BDA0E5A6B9E79A842C20E68C81E7A7AFE69E81E590A7, '0', '3', '1494231262', '', '', '袁野老师2');
INSERT INTO `message` VALUES ('000030', '1', 0xE68891E5B0B1E683B3E8AFB42C20E59CA8E5BAA7E79A84E59084E4BD8D0AE983BDE698AFE59E83E59CBE20212121, '0', '0', '1494231353', '', '', '');
INSERT INTO `message` VALUES ('000031', '1', 0x667364667366736466736466, '0', '2', '1494315330', '', '', '袁野老师2');
INSERT INTO `message` VALUES ('000032', '1', 0xE4BDA0E6898DE698AFE59E83E59CBE, '30', '0', '1494846857', 0xE68891E5B0B1E683B3E8AFB42C20E59CA8E5BAA7E79A84E59084E4BD8D0AE983BDE698AFE59E83E59CBE20212121, '袁野', '');
INSERT INTO `message` VALUES ('000033', '1', 0xE5A4A7E7A59EE5A4A7E5A49A, '0', '32', '1494846874', '', '', '袁野');
INSERT INTO `message` VALUES ('000034', '1', 0x6B6B6B, '3', '0', '1494847187', 0xE59F83E9878CE5858BE59586E5BA97E58DB3E998BFE696AFE588A9E5BAB7E5A4A7E5AEB6E998BFE58DA1E4B8BDE59CA3E8AF9EE88A82E5958AE698AFE79C8BE68782E4BA86E5B0B1E998BFE5858BE88B8FE5A4A72E, '新用户测试', '');
INSERT INTO `message` VALUES ('000035', '1', 0xE7ACACE4B880E6ACA1E8A781E588B0E8BF99E4B988E6BC82E4BAAEE79A84E5B888E8B584E4BFA1E681AFE7AEA1E79086E7B3BBE7BB9F2C20E5BE88E5A5BDE4B88AE6898B2C20E58A9FE883BDE585A8E99DA22C20E8B59EE4B880E4B8AA207E, '0', '0', '1496821573', '', '', '');
INSERT INTO `message` VALUES ('000036', '19', 0xE5AFB9E591802C20E99D9EE5B8B8E6A3922021, '0', '35', '1496821687', '', '', '袁野');
INSERT INTO `message` VALUES ('000037', '19', 0xE4BDA0E8AFB4E595A5E591A22E2E2E, '0', '34', '1496821749', '', '', '袁野');
INSERT INTO `message` VALUES ('000038', '20', 0xE4BB8AE5A4A9E5A4A9E6B094E4B88DE99499202C20E5BF83E68385E8B685E5A5BD207E, '0', '0', '1496821846', '', '', '');

-- ----------------------------
-- Table structure for teacher
-- ----------------------------
DROP TABLE IF EXISTS `teacher`;
CREATE TABLE `teacher` (
  `id` int(6) unsigned zerofill NOT NULL AUTO_INCREMENT COMMENT '教师id',
  `uid` int(6) unsigned DEFAULT '0' COMMENT '用户id(用于链user表)',
  `avatar` text CHARACTER SET utf8 COLLATE utf8_bin NOT NULL COMMENT '老师头像地址',
  `name` varchar(50) CHARACTER SET utf8 COLLATE utf8_bin NOT NULL DEFAULT '' COMMENT '教师姓名',
  `birthday` bigint(13) unsigned DEFAULT '0' COMMENT ' 生日',
  `sex` tinyint(1) unsigned NOT NULL DEFAULT '0' COMMENT '教师性别(0未知, 1男, 2女)',
  `mid` int(6) unsigned NOT NULL DEFAULT '0' COMMENT '专业id',
  `entry_time` bigint(13) unsigned NOT NULL DEFAULT '0' COMMENT '入职时间',
  `mobile` bigint(12) unsigned NOT NULL DEFAULT '0' COMMENT '手机号',
  `address` varchar(100) CHARACTER SET utf8 COLLATE utf8_bin DEFAULT '' COMMENT '家庭住址',
  `nationality` varchar(30) DEFAULT '' COMMENT '国籍',
  `title` varchar(20) CHARACTER SET utf8 COLLATE utf8_bin NOT NULL DEFAULT '' COMMENT '职称',
  `self_descp` varchar(100) DEFAULT '' COMMENT '自我描述',
  `graduation` varchar(20) CHARACTER SET utf8 COLLATE utf8_bin NOT NULL DEFAULT '' COMMENT '毕业院校',
  `direction` varchar(40) CHARACTER SET utf8 COLLATE utf8_bin DEFAULT '' COMMENT '研究方向',
  `id_code` bigint(13) unsigned NOT NULL DEFAULT '0' COMMENT '身份证号',
  `marriage` tinyint(1) unsigned DEFAULT '0' COMMENT '婚否(0否, 1是)',
  `postcode` int(10) unsigned DEFAULT '0' COMMENT '邮政编码',
  `teach_year` tinyint(2) unsigned DEFAULT '0' COMMENT '教龄',
  `salary` float(5,2) unsigned NOT NULL DEFAULT '0.00' COMMENT '薪资(月薪)',
  `exp_1_college` varchar(20) DEFAULT '' COMMENT '曾任教学校(1)',
  `exp_1_time` tinyint(2) unsigned DEFAULT NULL COMMENT '曾任教时间(1)',
  `exp_1_descp` varchar(100) DEFAULT '' COMMENT '曾任教描述(1)',
  `exp_2_college` varchar(20) DEFAULT '' COMMENT '曾任教学校(2)',
  `exp_2_time` tinyint(2) unsigned DEFAULT NULL COMMENT '曾任教时间(2)',
  `exp_2_descp` varchar(100) DEFAULT '' COMMENT '曾任教描述(2)',
  `exp_3_college` varchar(20) DEFAULT '' COMMENT '曾任教学校(3)',
  `exp_3_time` tinyint(2) unsigned DEFAULT NULL COMMENT '曾任教时间(3)',
  `exp_3_descp` varchar(100) DEFAULT '' COMMENT '曾任教描述(3)',
  PRIMARY KEY (`id`)
) ENGINE=InnoDB AUTO_INCREMENT=56 DEFAULT CHARSET=utf8;

-- ----------------------------
-- Records of teacher
-- ----------------------------
INSERT INTO `teacher` VALUES ('000001', '1', 0x687474703A2F2F7777772E7979746561636865722E636F6D2F75706C6F6164732F696D672F32302E706E67, '袁野', '631753200', '1', '43', '1491861600', '15811153743', '河北省沧州市任丘市', '中国', '教授', '我的袁野 , 我是该系统开发者', '东北林业大学', '前端开发', '150424199505100071', '2', '0', '10', '13.00', '北大', '0', '北大的工作描述', '', '0', '', '', '0', '');
INSERT INTO `teacher` VALUES ('000008', '0', 0x687474703A2F2F7777772E7979746561636865722E636F6D2F75706C6F6164732F696D672F31392E706E67, '张雪', '631733200', '2', '28', '1491948000', '18846425729', '河北省衡水市', '中国', '教师', '我是个有独立见解的人, 我喜欢挑战, 喜欢承担责任.', '北京大学', '机械制造', '150244129505100', '2', '0', '3', '13.50', '东北大学', '3', '在该学校, 我从事机械制造及自动化专业的教学, 并参与了研究, 发表了三篇论文.', '', '0', '', '', '0', '');
INSERT INTO `teacher` VALUES ('000011', '0', 0x687474703A2F2F7777772E7979746561636865722E636F6D2F75706C6F6164732F696D672F31382E706E67, '刘瑞奇', '631743200', '1', '59', '1491602400', '15124686096', '青海省海东市', '中国', '教师', '我喜欢交朋友, 喜欢分享知识, 并且热爱钻研教学方法.', '西北农林科技大学', '林学', '155424199505120', '0', '0', '1', '14.00', '东北林业大学', '1', '在该学校, 我参与了农林方面的教学工作, 并做教授的助理, 学到了很多有用的知识.', '', '0', '', '', '0', '');
INSERT INTO `teacher` VALUES ('000013', '0', 0x687474703A2F2F7777772E7979746561636865722E636F6D2F75706C6F6164732F696D672F31372E706E67, '李芳', '631744200', '2', '55', '1485903600', '15811153743', '黑龙江省哈尔滨市', '中国', '博士导师', '我热爱工作, 喜欢学习新知识, 并且乐于承担责任, 热爱分享.', '东北大学', '哲学', '150414199536600', '1', '0', '3', '6.00', '清华大学', '3', '在清华工作的三年里, 我主要从事哲学方面的研究, 并带研究生从事研究.', '', '0', '', '', '0', '');
INSERT INTO `teacher` VALUES ('000023', '19', 0x687474703A2F2F7777772E7979746561636865722E636F6D2F75706C6F6164732F696D672F31362E706E67, '刘通', '631148400', '1', '52', '1491861600', '15123131231', '河北省沧州市', '中国', '讲师', '我是个热爱交际的人, 我喜欢分享我的见闻, 并且喜欢和热爱分享的人相处.', '南开大学', '计算机', '112424199405100', '2', '0', '3', '8.00', '天津大学', '3', '在天津大学工作的三年里, 我学到了很多教学方面的经验, 与学生相处的方法, 并且在科研项目中取得了不错的成就.', '', '0', '', '', '0', '');
INSERT INTO `teacher` VALUES ('000025', '0', 0x687474703A2F2F7777772E7979746561636865722E636F6D2F46452F696D672F757365722E706E67, '李方阳', '631147400', '1', '47', '1491170400', '15831153743', '广西省桂林市', '中国', '助理', '我热爱帮助人, 如果有人需要我帮助, 我一定会义不容辞地伸出援手.', '南京大学', '', '153324199505100', '2', '0', '0', '3.00', '', '0', '', '', '0', '', '', '0', '');
INSERT INTO `teacher` VALUES ('000026', '0', 0x687474703A2F2F7777772E7979746561636865722E636F6D2F46452F696D672F757365722E706E67, '王冰', '486685000', '1', '47', '1491170400', '15831153741', '吉林省吉林市', '中国', '讲师', '我热爱教学, 热爱分享知识的过程, 并且喜欢学习新知识, 并且我是个积极进取的人, 为了目标会不懈努力.', '天津大学', '系统架构', '150424199345100', '2', '0', '5', '7.00', '天津职业技术学校', '3', '在该学校, 我热衷教学, 将本专业所用知识全部尽心尽力传授给学生们, 并为此感到骄傲.', '天津理工大学', '2', '在该学校, 我不仅从事教学工作, 更是用心钻研科研项目, 并取得了骄人的成绩.', '', '0', '');
INSERT INTO `teacher` VALUES ('000040', '0', 0x687474703A2F2F7777772E7979746561636865722E636F6D2F46452F696D672F757365722E706E67, '王子彧', '486684500', '1', '41', '1491170100', '15831153741', '辽宁省铁岭市', '中国', '教师', '我是个有独立见解的人, 我喜欢挑战, 喜欢承担责任.', '辽宁大学', '材料设计', '150444193505100', '2', '0', '7', '5.00', '辽宁职业技术学校', '7', '在该学校, 我认真从事教学事业, 专心工作, 并在工作中提高了自己的综合素质, 此外, 还从事了科学研究.', '', null, '', '', '0', '');
INSERT INTO `teacher` VALUES ('000041', '0', 0x687474703A2F2F7777772E7979746561636865722E636F6D2F46452F696D672F757365722E706E67, '刘景新', '486674000', '2', '41', '1491170200', '15831153741', '黑龙江省大庆市', '中国', '讲师', '我是个热爱交际的人, 我喜欢分享我的见闻, 并且喜欢和热爱分享的人相处.', '大庆石油学院', '油气储运', '150424199535100', '2', '0', '3', '5.00', '大庆职业技术学校', '3', '在该学校, 我认真将我所学知识运用到了教学工作中, 并将自己的热情投入到了科研中, 并取得了一定成绩.', '', null, '', '', '0', '');
INSERT INTO `teacher` VALUES ('000042', '0', 0x687474703A2F2F7777772E7979746561636865722E636F6D2F75706C6F6164732F696D672F312E706E67, '王学文', '486683400', '1', '41', '1491160400', '15831153741', '黑龙江省佳木斯市', '中国', '教师', '我是个自我驱动很强的人, 为了完成一个目标, 我可以三天三夜努力, 不达目的誓不罢休.', '大庆石油学院', '油气储运', '150424199545100', '2', '0', '10', '5.00', '辽宁职业技术学校', '2', '我在该学校, 将所学知识全部用于教学工作中, 并和学生相处得很好, 同学有问题都会来问我, 也会向我分享他们的见闻.', '天津理工大学', '5', '在该学校, 我热衷教学, 将本专业所用知识全部尽心尽力传授给学生们, 并为此感到骄傲.', '天津工业大学', '3', '在该学校, 我将我所学知识都用于教学, 并且结识了很多朋友.');
INSERT INTO `teacher` VALUES ('000043', '0', 0x687474703A2F2F7777772E7979746561636865722E636F6D2F75706C6F6164732F696D672F322E706E67, '李双', '486664000', '1', '41', '1491170400', '15831153741', '天津市', '中国', '讲师', '我是个有独立见解的人, 我喜欢挑战, 喜欢承担责任.', '辽宁大学', '系统设计', '153422199505100', '2', '0', '7', '5.70', '天津职业技术学校', '7', '在该学校, 我热衷教学, 将本专业所用知识全部尽心尽力传授给学生们, 并为此感到骄傲.', '', null, '', '', '0', '');
INSERT INTO `teacher` VALUES ('000044', '0', 0x687474703A2F2F7777772E7979746561636865722E636F6D2F75706C6F6164732F696D672F332E706E67, '于凯', '486674500', '1', '23', '1491170400', '15831153741', '北京市', '中国', '教师', '我是个热爱交际的人, 我喜欢分享我的见闻, 并且喜欢和热爱分享的人相处.', '北京理工大学', '历史学', '150534599505100', '2', '0', '3', '8.00', '天津大学', '3', '在该学校, 我将热情全部投入教学工作中, 并热衷于钻研教学方法, 发表了两篇有关的文章.', '', null, '', '', '0', '');
INSERT INTO `teacher` VALUES ('000045', '0', 0x687474703A2F2F7777772E7979746561636865722E636F6D2F75706C6F6164732F696D672F342E706E67, '李彤', '486683300', '2', '41', '1491170000', '15831153741', '天津市', '中国', '教师', '我热爱帮助人, 如果有人需要我帮助, 我一定会义不容辞地伸出援手.', '北京科技大学', '计算机', '123424199505100', '2', '0', '6', '5.00', '天津职业技术学校', '3', '在该学校, 我不仅从事教学工作, 更是用心钻研科研项目, 并取得了骄人的成绩.', '天津工业大学', '3', '在该学校, 我认真将我所学知识运用到了教学工作中, 并将自己的热情投入到了科研中, 并取得了一定成绩.', '', '0', '');
INSERT INTO `teacher` VALUES ('000046', '0', 0x687474703A2F2F7777772E7979746561636865722E636F6D2F75706C6F6164732F696D672F352E706E67, '王恺', '486674000', '1', '41', '1491170400', '15831153741', '江苏省南京市', '中国', '讲师', '我喜欢交朋友, 喜欢分享知识, 并且热爱钻研教学方法.', '辽宁大学', '软件设计', '150424199535100', '1', '0', '3', '5.00', '辽宁职业技术学校', '3', '在该学校, 我认真将我所学知识运用到了教学工作中, 并将自己的热情投入到了科研中, 并取得了一定成绩.', '', null, '', '', '0', '');
INSERT INTO `teacher` VALUES ('000047', '0', 0x687474703A2F2F7777772E7979746561636865722E636F6D2F75706C6F6164732F696D672F362E706E67, '于月飞', '486683100', '2', '41', '1491170000', '15831153741', '广西省玉林市', '中国', '教师', '我是个有独立见解的人, 我喜欢挑战, 喜欢承担责任.', '大庆石油学院', '材料设计', '152424199505100', '1', '0', '6', '8.00', '广西职业技术学校', '2', '在该学校, 我热衷教学, 将本专业所用知识全部尽心尽力传授给学生们, 并为此感到骄傲.', '天津工业大学', '4', '在天津工业大学工作的四年里, 我学到了很多教学方面的经验, 与学生相处的方法, 并且在科研项目中取得了不错的成就.', '', '0', '');
INSERT INTO `teacher` VALUES ('000048', '0', 0x687474703A2F2F7777772E7979746561636865722E636F6D2F75706C6F6164732F696D672F372E706E67, '李防真', '486681000', '1', '43', '1491170400', '15831153741', '黑龙江省大庆市', '中国', '教师', '我是个自我驱动很强的人, 为了完成一个目标, 我可以三天三夜努力, 不达目的誓不罢休.', '大庆石油学院', '钻井工程', '152424199505100', '2', '0', '2', '4.00', '大庆职业技术学校', '2', '在大庆职业技术学校工作的两年里, 我学到了很多教学方面的经验, 与学生相处的方法, 并且在科研项目中取得了不错的成就.', '', null, '', '', '0', '');
INSERT INTO `teacher` VALUES ('000049', '0', 0x687474703A2F2F7777772E7979746561636865722E636F6D2F75706C6F6164732F696D672F382E706E67, '刘留会', '486677000', '2', '41', '1491169400', '15831153741', '海口市', '中国', '教师', '我热爱帮助人, 如果有人需要我帮助, 我一定会义不容辞地伸出援手.', '辽宁大学', '管理学', '150424199505100071', '2', '0', '3', '7.50', '天津理工大学', '3', '在该学校, 我不仅从事教学工作, 更是用心钻研科研项目, 并取得了骄人的成绩.', '', null, '', '', '0', '');
INSERT INTO `teacher` VALUES ('000050', '0', 0x687474703A2F2F7777772E7979746561636865722E636F6D2F75706C6F6164732F696D672F392E706E67, '李学历', '486683000', '1', '41', '1491170400', '15831153741', '江苏省南京市', '中国', '讲师', '我热爱教学, 热爱分享知识的过程, 并且喜欢学习新知识, 并且我是个积极进取的人, 为了目标会不懈努力.', '北京理工大学', '管理科学', '133424199505100', '2', '0', '5', '5.00', '北京职业技术学校', '4', '大神大多爱上大噶那个阿嘎嘎嘎啊大大阿莎大大所多', '东北大学', '1', '在该学校, 我热衷教学, 将本专业所用知识全部尽心尽力传授给学生们, 并为此感到骄傲.', '', '0', '');
INSERT INTO `teacher` VALUES ('000051', '0', 0x687474703A2F2F7777772E7979746561636865722E636F6D2F75706C6F6164732F696D672F31302E706E67, '王玉', '486674000', '2', '30', '1491170400', '15831153741', '内蒙古自治区呼和浩特市', '中国', '讲师', '我是个热爱交际的人, 我喜欢分享我的见闻, 并且喜欢和热爱分享的人相处.', '内蒙古大学', '环境保护', '150424199535100', '2', '0', '2', '5.00', '内蒙古职业技术学校', '2', '我在该学校, 将所学知识全部用于教学工作中, 并和学生相处得很好, 同学有问题都会来问我, 也会向我分享他们的见闻.', '', null, '', '', '0', '');
INSERT INTO `teacher` VALUES ('000052', '20', 0x687474703A2F2F7777772E7979746561636865722E636F6D2F75706C6F6164732F696D672F31312E706E67, '王林江', '0', '1', '65', '1491948000', '15111111111', '河北省衡水市', '中国', '教授', '我是个自我驱动很强的人, 为了完成一个目标, 我可以三天三夜努力, 不达目的誓不罢休.', '东北林业大学', '管理科学', '150424199505100071', '2', '0', '15', '20.00', '天津理工大学', '5', '在天津理工大学工作的五年里, 我学到了很多教学方面的经验, 与学生相处的方法, 并且在科研项目中取得了不错的成就.', '东北大学', '2', '在该学校, 我热衷教学, 将本专业所用知识全部尽心尽力传授给学生们, 并为此感到骄傲.', '天津工业大学', '8', '在该学校, 我将我所学知识都用于教学, 并且结识了很多朋友.');
INSERT INTO `teacher` VALUES ('000053', '21', 0x687474703A2F2F7777772E7979746561636865722E636F6D2F75706C6F6164732F696D672F31332E706E67, '顾远江', '484351200', '1', '62', '1494194400', '18812332132', '内蒙古自治区呼和浩特市', '中国', '教师', '我是个有独立见解的人, 我喜欢挑战, 喜欢承担责任.', '内蒙古人民大学', '平面设计', '152424199505100', '1', '0', '2', '4.00', '内蒙古职业技术学校', '2', '在内蒙古职业技术学校工作的两年里, 我学到了很多教学方面的经验, 与学生相处的方法, 并且在科研项目中取得了不错的成就.', '', '0', '', '', '0', '');
INSERT INTO `teacher` VALUES ('000054', '22', 0x687474703A2F2F7777772E7979746561636865722E636F6D2F75706C6F6164732F696D672F31342E706E67, '刘明', '484351200', '2', '41', '1494194400', '15833333333', '上海市', '中国', '教师', '我喜欢交朋友, 喜欢分享知识, 并且热爱钻研教学方法.', '北京理工大学', '管理科学', '152424199505100', '1', '0', '5', '3.00', '天津理工大学', '5', '在该学校, 我不仅从事教学工作, 更是用心钻研科研项目, 并取得了骄人的成绩.', '', null, '', '', null, '');
INSERT INTO `teacher` VALUES ('000055', '23', 0x687474703A2F2F7777772E7979746561636865722E636F6D2F75706C6F6164732F696D672F31352E706E67, '王尼名', '486681000', '1', '41', '1494193400', '15855555555', '河北省衡水市', '中国', '教师', '我是个自我驱动很强的人, 为了完成一个目标, 我可以三天三夜努力, 不达目的誓不罢休.', '东北大学', '计算机', '152424199505100', '2', '0', '2', '7.00', '大庆职业技术学校', '2', '在该学校, 我认真将我所学知识运用到了教学工作中, 并将自己的热情投入到了科研中, 并取得了一定成绩.', '', null, '', '', null, '');

-- ----------------------------
-- Table structure for train_apply
-- ----------------------------
DROP TABLE IF EXISTS `train_apply`;
CREATE TABLE `train_apply` (
  `id` int(6) unsigned zerofill NOT NULL AUTO_INCREMENT COMMENT '唯一id',
  `tid` int(6) unsigned NOT NULL DEFAULT '0' COMMENT '老师Id',
  `type` smallint(2) unsigned NOT NULL DEFAULT '0' COMMENT '培训类型(0岗前培训, 1教育技术培训, 2教师发展基地研修, 3青年教师教学能力培训, 4外语培训, 5科研能力与师德培训), 6管理干部培训',
  `title` varchar(30) COLLATE utf8_bin NOT NULL DEFAULT '' COMMENT '培训名称',
  `desc` text COLLATE utf8_bin COMMENT '培训描述',
  `place` varchar(50) COLLATE utf8_bin NOT NULL DEFAULT '' COMMENT '培训地点',
  `price` float(10,2) unsigned NOT NULL DEFAULT '0.00' COMMENT '培训经费',
  `state` tinyint(1) unsigned NOT NULL DEFAULT '0' COMMENT '审批类型(0未审核, 1审核通过, 2审核未通过, 3用户撤销, 4超过有效时长)',
  `timestamp` bigint(13) unsigned NOT NULL DEFAULT '0' COMMENT '最后一次修改时间',
  `begin_time` bigint(13) unsigned NOT NULL DEFAULT '0' COMMENT '发布时间',
  PRIMARY KEY (`id`)
) ENGINE=InnoDB AUTO_INCREMENT=26 DEFAULT CHARSET=utf8 COLLATE=utf8_bin;

-- ----------------------------
-- Records of train_apply
-- ----------------------------
INSERT INTO `train_apply` VALUES ('000023', '23', '0', '青年教师岗前培训', 0xE4B8BAE4BA86E59FB9E585BBE696B0E585A5E8818CE69599E5B888E79A84E8818CE4B89AE68A80E883BD2C20E4BA86E8A7A3E5ADA6E6A0A1E5B7A5E4BD9CE6B581E7A88B2C20E4BB8EE8808CE69BB4E7869FE7BB83E58F82E4B88EE5B7A5E4BD9C2C20E8808CE8AEBEE7AB8B2E, '副教学楼-2楼-208', '3.00', '1', '1496820440', '1496819645');
INSERT INTO `train_apply` VALUES ('000024', '23', '0', '教师职业素质培训', 0xE4B8BBE8A681E99288E5AFB9E696B0E585A5E8818CE69599E5B8882C20E794A8E4BA8EE68F90E58D87E99D92E5B9B4E69599E5B888E8818CE4B89AE7B4A0E8B4A82C20E8AEA9E585B6E69BB4E98082E5BA94E8818CE59CBA2E, '逸夫楼-3楼-305', '4.00', '2', '1496839515', '1496820250');
INSERT INTO `train_apply` VALUES ('000025', '23', '1', '.net培训', 0xE4B8BAE4BA86E8AEA9E69599E5B888E7869FE68289E78EB0E4BBA3E58AA8E68081E7BD91E7AB99E7BC96E7A88BE68A80E69CAF2C20E4BB8EE8808CE883BDE5A49FE8839CE4BBBBE4B880E4BA9BE7AE80E58D95E79A84E7BC96E7A88BE5B7A5E4BD9C2E, '计算机学院-6楼机房', '10.00', '0', '1496820385', '1496820385');

-- ----------------------------
-- Table structure for train_feedback
-- ----------------------------
DROP TABLE IF EXISTS `train_feedback`;
CREATE TABLE `train_feedback` (
  `id` int(6) unsigned zerofill NOT NULL AUTO_INCREMENT COMMENT '唯一id',
  `train_id` int(6) unsigned NOT NULL DEFAULT '0' COMMENT '培训id',
  `desc` text COLLATE utf8_bin COMMENT '反馈描述',
  `end_time` bigint(13) unsigned DEFAULT '0' COMMENT '培训结束时间',
  `certificate` text COLLATE utf8_bin COMMENT '毕业|结业证书',
  `invoice` text COLLATE utf8_bin COMMENT '培训费用发票',
  `timestamp` bigint(13) unsigned NOT NULL DEFAULT '0' COMMENT '最后一次操作时间',
  `state` tinyint(1) unsigned NOT NULL DEFAULT '0' COMMENT '审核状态(0未审核, 1审核通过, 2审核未通过, 3用户撤销, 4超过有效时长)',
  PRIMARY KEY (`id`)
) ENGINE=InnoDB AUTO_INCREMENT=7 DEFAULT CHARSET=utf8 COLLATE=utf8_bin;

-- ----------------------------
-- Records of train_feedback
-- ----------------------------
INSERT INTO `train_feedback` VALUES ('000001', '2', 0xE69882E8BEBEE8AFB4E5A4A7E68980E5A49AE998BFE5A4A7E5A3B0E98193, '1492466400', 0x687474703A2F2F7777772E7979746561636865722E636F6D2F75706C6F6164732F66696C652F636572742F48377A4551564E637749594F58555A412E6A7067, 0x687474703A2F2F7777772E7979746561636865722E636F6D2F75706C6F6164732F66696C652F696E766F6963652F44584963724C3378594741696D6C4A452E6A7067, '1493036356', '3');
INSERT INTO `train_feedback` VALUES ('000002', '5', 0xE998BFE88E8EE5A4A7E5A4A7E68980E7A791E68A80E5BE88E5BFABE5B0B1E5AE89E8A385E7A9BAE997B4E5B08FE693A6E4BCA4E68B89E58DA1E88E8EE5A4A7E59388E596BDE5A4A7E7A59EE5BC80E4BC9AE6A188E4BE8BE5BC80E5A78BE5A4A7E9878FE79A84E998BFE890A8E7BBBFE5B1B1E59296E595A1E5A5BD, '1491256800', 0x687474703A2F2F7777772E7979746561636865722E636F6D2F75706C6F6164732F66696C652F636572742F7A5436444A52483847675841424E77662E6A7067, 0x687474703A2F2F7777772E7979746561636865722E636F6D2F75706C6F6164732F66696C652F696E766F6963652F385478746C35464D49504F30366742622E6A7067, '1493105606', '0');
INSERT INTO `train_feedback` VALUES ('000003', '3', 0xE998BFE88E8EE5A4A7E5A4A7E68980E7A791E68A80E5BE88E5BFABE5B0B1E5AE89E8A385E7A9BAE997B4E5B08FE693A6E4BCA4E68B89E58DA1E88E8EE5A4A7E59388E596BDE5A4A7E7A59EE5BC80E4BC9AE6A188E4BE8BE5BC80E5A78BE5A4A7E9878FE79A84E998BFE890A8E7BBBFE5B1B1E59296E595A1E5A5BD, '1492639200', 0x687474703A2F2F7777772E7979746561636865722E636F6D2F75706C6F6164732F66696C652F636572742F5159335357686177703466366C6F45742E6A7067, 0x687474703A2F2F7777772E7979746561636865722E636F6D2F75706C6F6164732F66696C652F696E766F6963652F385478746C35464D49504F30366742622E6A7067, '1493105625', '0');
INSERT INTO `train_feedback` VALUES ('000004', '6', 0xE998BFE88E8EE5A4A7E5A4A7E68980E7A791E68A80E5BE88E5BFABE5B0B1E5AE89E8A385E7A9BAE997B4E5B08FE693A6E4BCA4E68B89E58DA1E88E8EE5A4A7E59388E596BDE5A4A7E7A59EE5BC80E4BC9AE6A188E4BE8BE5BC80E5A78BE5A4A7E9878FE79A84E998BFE890A8E7BBBFE5B1B1E59296E595A1E5A5BD, '1461103200', 0x687474703A2F2F7777772E7979746561636865722E636F6D2F75706C6F6164732F66696C652F636572742F5159335357686177703466366C6F45742E6A7067, 0x687474703A2F2F7777772E7979746561636865722E636F6D2F75706C6F6164732F66696C652F696E766F6963652F385478746C35464D49504F30366742622E6A7067, '1493110342', '2');
INSERT INTO `train_feedback` VALUES ('000005', '7', 0xE998BFE88E8EE5A4A7E5A4A7E68980E7A791E68A80E5BE88E5BFABE5B0B1E5AE89E8A385E7A9BAE997B4E5B08FE693A6E4BCA4E68B89E58DA1E88E8EE5A4A7E59388E596BDE5A4A7E7A59EE5BC80E4BC9AE6A188E4BE8BE5BC80E5A78BE5A4A7E9878FE79A84E998BFE890A8E7BBBFE5B1B1E59296E595A1E5A5BD, '1489964400', 0x687474703A2F2F7777772E7979746561636865722E636F6D2F75706C6F6164732F66696C652F636572742F5159335357686177703466366C6F45742E6A7067, 0x687474703A2F2F7777772E7979746561636865722E636F6D2F75706C6F6164732F66696C652F696E766F6963652F385478746C35464D49504F30366742622E6A7067, '1493110342', '2');
INSERT INTO `train_feedback` VALUES ('000006', '23', 0xE9809AE8BF87E99D92E5B9B4E69599E5B888E5B297E5898DE59FB9E8AEAD2C20E8AEA9E58F82E4B88EE59FB9E8AEADE79A84E69599E5B888E7869FE68289E4BA86E69CACE6A0A1E79A84E5B7A5E4BD9CE6B581E7A88BE4BBA5E58F8AE5B7A5E4BD9CE78EAFE5A2832C20E5B9B6E4BA86E8A7A3E4BA86E59084E887AAE5ADA6E999A2E79A84E68385E586B52E, '1498773600', 0x687474703A2F2F7777772E7979746561636865722E636F6D2F75706C6F6164732F66696C652F636572742F536B613068356A37796C69724565674F2E706E67, 0x687474703A2F2F7777772E7979746561636865722E636F6D2F75706C6F6164732F66696C652F696E766F6963652F776D3963616C44526659494D484E4C4F2E706E67, '1496820793', '0');

-- ----------------------------
-- Table structure for user
-- ----------------------------
DROP TABLE IF EXISTS `user`;
CREATE TABLE `user` (
  `id` int(6) unsigned zerofill NOT NULL AUTO_INCREMENT COMMENT '用户id',
  `avatar` text COMMENT '头像',
  `name` varchar(20) NOT NULL COMMENT '用户名',
  `password` varchar(50) NOT NULL COMMENT '用户密码',
  `email` varchar(30) DEFAULT '' COMMENT '用户邮箱(可用于登陆)',
  `mobile` bigint(12) unsigned NOT NULL DEFAULT '0' COMMENT '手机号(可用于登陆)',
  `type` tinyint(1) unsigned NOT NULL DEFAULT '0' COMMENT '用户类型(0普通用户, 1管理员, 2超级管理员)',
  `reg_time` bigint(13) unsigned NOT NULL DEFAULT '0' COMMENT '注册时间',
  `info` tinyint(1) unsigned DEFAULT '0' COMMENT '档案管理模块权限',
  `course` tinyint(1) unsigned DEFAULT '0' COMMENT '课程管理模块权限',
  `work` tinyint(1) unsigned DEFAULT '0' COMMENT '工作量模块权限',
  `train` tinyint(1) unsigned DEFAULT '0' COMMENT '培训模块权限',
  `assessment` tinyint(1) unsigned DEFAULT '0' COMMENT '考核模块权限',
  `comment` tinyint(1) unsigned DEFAULT '0' COMMENT '留言板模块权限',
  `is_gag` tinyint(1) unsigned DEFAULT '0' COMMENT '是否被禁言, 在留言板不能发言(0否, 1是)',
  PRIMARY KEY (`id`)
) ENGINE=InnoDB AUTO_INCREMENT=24 DEFAULT CHARSET=utf8;

-- ----------------------------
-- Records of user
-- ----------------------------
INSERT INTO `user` VALUES ('000001', 'http://www.yyteacher.com/uploads/img/1.png', '袁野', 'c4ca4238a0b923820dcc509a6f75849b', '931345066@qq.com', '15811153743', '2', '1491887425', '1', '1', '1', '1', '1', '1', '0');
INSERT INTO `user` VALUES ('000019', 'http://www.yyteacher.com/uploads/img/2.png', '刘通', 'c4ca4238a0b923820dcc509a6f75849b', '1@1.com', '15123131231', '0', '1491655989', '0', '0', '0', '0', '0', '0', '0');
INSERT INTO `user` VALUES ('000020', 'http://www.yyteacher.com/uploads/img/3.png', '王林江', 'c4ca4238a0b923820dcc509a6f75849b', '', '15111111111', '1', '1494225188', '0', '0', '1', '1', '0', '0', '0');
INSERT INTO `user` VALUES ('000021', 'http://www.yyteacher.com/uploads/img/3.png', '顾远江', 'c4ca4238a0b923820dcc509a6f75849b', '', '18812332132', '1', '1494225599', '0', '0', '1', '0', '0', '0', '0');
INSERT INTO `user` VALUES ('000022', 'http://www.yyteacher.com/uploads/img/4.png', '刘明', 'c4ca4238a0b923820dcc509a6f75849b', '', '15833333333', '0', '1496219153', '0', '0', '0', '0', '0', '0', '0');
INSERT INTO `user` VALUES ('000023', 'http://www.yyteacher.com/uploads/img/5.png', '王尼名', 'c4ca4238a0b923820dcc509a6f75849b', '', '15855555555', '0', '1496219244', '0', '0', '0', '0', '0', '0', '0');

-- ----------------------------
-- Table structure for work
-- ----------------------------
DROP TABLE IF EXISTS `work`;
CREATE TABLE `work` (
  `id` int(6) unsigned zerofill NOT NULL AUTO_INCREMENT COMMENT '唯一id',
  `tid` int(6) unsigned NOT NULL DEFAULT '0' COMMENT '老师id',
  `teach_work` int(5) NOT NULL DEFAULT '0' COMMENT '教学工作量',
  `science_work` int(5) unsigned NOT NULL DEFAULT '0' COMMENT '科研工作量',
  `another_work` int(5) unsigned NOT NULL DEFAULT '0' COMMENT '其他工作量',
  `total` int(6) unsigned NOT NULL DEFAULT '0' COMMENT '全年工作量总计',
  `timestamp` bigint(13) unsigned NOT NULL DEFAULT '0' COMMENT '最后一次修改时间',
  PRIMARY KEY (`id`)
) ENGINE=InnoDB DEFAULT CHARSET=utf8 COLLATE=utf8_bin;

-- ----------------------------
-- Records of work
-- ----------------------------

-- ----------------------------
-- Table structure for work_another
-- ----------------------------
DROP TABLE IF EXISTS `work_another`;
CREATE TABLE `work_another` (
  `id` int(6) unsigned zerofill NOT NULL AUTO_INCREMENT COMMENT '唯一id',
  `tid` int(6) unsigned NOT NULL DEFAULT '0' COMMENT '老师id',
  `desc` varchar(100) COLLATE utf8_bin NOT NULL DEFAULT '' COMMENT '工作描述',
  `work` int(5) unsigned NOT NULL DEFAULT '0' COMMENT '工作量时长',
  `timestamp` bigint(13) unsigned NOT NULL DEFAULT '0' COMMENT '最后一次修改时间',
  PRIMARY KEY (`id`)
) ENGINE=InnoDB DEFAULT CHARSET=utf8 COLLATE=utf8_bin;

-- ----------------------------
-- Records of work_another
-- ----------------------------

-- ----------------------------
-- Table structure for work_science
-- ----------------------------
DROP TABLE IF EXISTS `work_science`;
CREATE TABLE `work_science` (
  `id` int(6) unsigned zerofill NOT NULL AUTO_INCREMENT COMMENT '唯一id',
  `tid` int(6) unsigned NOT NULL DEFAULT '0' COMMENT '老师id',
  `writting_paper_work` int(5) unsigned DEFAULT '0' COMMENT '撰写科研论文工作量',
  `teach_material_work` int(5) unsigned DEFAULT '0' COMMENT '编写教材工作量',
  `timestamp` bigint(13) unsigned NOT NULL DEFAULT '0' COMMENT '最后一次修改时间',
  `total` int(5) unsigned NOT NULL DEFAULT '0' COMMENT '科研工作量总计',
  PRIMARY KEY (`id`)
) ENGINE=InnoDB DEFAULT CHARSET=utf8 COLLATE=utf8_bin;

-- ----------------------------
-- Records of work_science
-- ----------------------------

-- ----------------------------
-- Table structure for work_teach
-- ----------------------------
DROP TABLE IF EXISTS `work_teach`;
CREATE TABLE `work_teach` (
  `id` int(6) unsigned zerofill NOT NULL AUTO_INCREMENT COMMENT '唯一id',
  `tid` int(6) unsigned NOT NULL DEFAULT '0' COMMENT '教师id',
  `class_work` int(5) unsigned DEFAULT '0' COMMENT '讲课工作量',
  `coach_word` int(5) unsigned DEFAULT '0' COMMENT '辅导答疑工作量',
  `homework_work` int(5) unsigned DEFAULT '0' COMMENT '批改作业工作量',
  `paper_work` int(5) unsigned DEFAULT '0' COMMENT '指导毕业论文工作量',
  `check_paper_word` int(5) unsigned DEFAULT '0' COMMENT '批改学年论文/课程设计工作量',
  `intern_work` int(5) unsigned DEFAULT '0' COMMENT '指导实习工作量',
  `exam_work` int(5) unsigned DEFAULT '0' COMMENT '考试/考察工作量',
  `material_work` int(5) unsigned DEFAULT '0' COMMENT '编写教材工作量',
  `evaluate_work` int(5) unsigned DEFAULT '0' COMMENT '教学评价工作量',
  `timestamp` bigint(13) unsigned NOT NULL DEFAULT '0' COMMENT '最后一次修改时间',
  `total` int(6) unsigned NOT NULL DEFAULT '0' COMMENT '教学工作量总计',
  PRIMARY KEY (`id`)
) ENGINE=InnoDB DEFAULT CHARSET=utf8 COLLATE=utf8_bin;

-- ----------------------------
-- Records of work_teach
-- ----------------------------
